<?xml version="1.0" encoding="UTF-8"?>
<!DOCTYPE suite SYSTEM "https://testng.org/testng-1.0.dtd">
<suite name="Suite">
<parameter name="browser" value="chrome"/>
<parameter name="url" value="http://automationpractice.com/index.php"/>

  <test thread-count="5" name="Test">
    <classes>
    <class name="com.automationPractice.testcases.LoginPageTest"/>
    <class name="com.automationPractice.testcases.CreateAccountPageTest"/>
    <class name="com.automationPractice.testcases.MyAccountPageTest"/>
    <class name="com.automationPractice.testcases.DressesPageTest"/>
     <class name="com.automationPractice.testcases.OrderPageTest"/>
     <class name="com.automationPractice.testcases.PaymentPageTest"/>
     <class name="com.automationPractice.testcases.OrderConfirmationPageTest"/>
      <class name="com.automationPractice.testcases.OrderHistoryPageTest"/>
    </classes>
  </test> <!-- Test -->
</suite> <!-- Suite -->
